name,level,move,type,power,accuracy,pp
Bulbasaur,1,Tackle,Normal,35,95%,35
Bulbasaur,1,Growl,Normal,—,100%,40
Bulbasaur,7,Leech Seed,Grass,—,90%,10
Bulbasaur,13,Vine Whip,Grass,35,100%,10
Bulbasaur,20,Poison Powder,Poison,—,75%,35
Bulbasaur,27,Razor Leaf,Grass,55,95%,25
Bulbasaur,34,Growth,Normal,—,—%,40
Bulbasaur,41,Sleep Powder,Grass,—,75%,15
Bulbasaur,48,Solar Beam,Grass,120,100%,10
Ivysaur,1,Tackle,Normal,35,95%,35
Ivysaur,1,Growl,Normal,—,100%,40
Ivysaur,1,Leech Seed,Grass,—,90%,10
Ivysaur,7,Leech Seed,Grass,—,90%,10
Ivysaur,13,Vine Whip,Grass,35,100%,10
Ivysaur,22,Poison Powder,Poison,—,75%,35
Ivysaur,30,Razor Leaf,Grass,55,95%,25
Ivysaur,38,Growth,Normal,—,—%,40
Ivysaur,46,Sleep Powder,Grass,—,75%,15
Ivysaur,54,Solar Beam,Grass,120,100%,10
Venusaur,1,Tackle,Normal,35,95%,35
Venusaur,1,Growl,Normal,—,100%,40
Venusaur,1,Leech Seed,Grass,—,90%,10
Venusaur,1,Vine Whip,Grass,35,100%,10
Venusaur,7,Leech Seed,Grass,—,90%,10
Venusaur,13,Vine Whip,Grass,35,100%,10
Venusaur,22,Poison Powder,Poison,—,75%,35
Venusaur,30,Razor Leaf,Grass,55,95%,25
Venusaur,43,Growth,Normal,—,—%,40
Venusaur,55,Sleep Powder,Grass,—,75%,15
Venusaur,65,Solar Beam,Grass,120,100%,10
Charmander,1,Scratch,Normal,40,100%,35
Charmander,1,Growl,Normal,—,100%,40
Charmander,9,Ember,Fire,40,100%,25
Charmander,15,Leer,Normal,—,100%,30
Charmander,22,Rage,Normal,20,100%,20
Charmander,30,Slash,Normal,70,100%,20
Charmander,38,Flamethrower,Fire,95,100%,15
Charmander,46,Fire Spin,Fire,15,70%,15
Charmeleon,1,Scratch,Normal,40,100%,35
Charmeleon,1,Growl,Normal,—,100%,40
Charmeleon,1,Ember,Fire,40,100%,25
Charmeleon,9,Ember,Fire,40,100%,25
Charmeleon,15,Leer,Normal,—,100%,30
Charmeleon,24,Rage,Normal,20,100%,20
Charmeleon,33,Slash,Normal,70,100%,20
Charmeleon,42,Flamethrower,Fire,95,100%,15
Charmeleon,56,Fire Spin,Fire,15,70%,15
Charizard,1,Scratch,Normal,40,100%,35
Charizard,1,Growl,Normal,—,100%,40
Charizard,1,Ember,Fire,40,100%,25
Charizard,1,Leer,Normal,—,100%,30
Charizard,9,Ember,Fire,40,100%,25
Charizard,15,Leer,Normal,—,100%,30
Charizard,24,Rage,Normal,20,100%,20
Charizard,36,Slash,Normal,70,100%,20
Charizard,46,Flamethrower,Fire,95,100%,15
Charizard,55,Fire Spin,Fire,15,70%,15
Squirtle,1,Tackle,Normal,35,95%,35
Squirtle,1,Tail Whip,Normal,—,100%,30
Squirtle,8,Bubble,Water,20,100%,30
Squirtle,15,Water Gun,Water,40,100%,25
Squirtle,22,Bite,Normal,60,100%,25
Squirtle,28,Withdraw,Water,—,—%,40
Squirtle,35,Skull Bash,Normal,100,100%,15
Squirtle,42,Hydro Pump,Water,120,80%,5
Wartortle,1,Tackle,Normal,35,95%,35
Wartortle,1,Tail Whip,Normal,—,100%,30
Wartortle,1,Bubble,Water,20,100%,30
Wartortle,8,Bubble,Water,20,100%,30
Wartortle,15,Water Gun,Water,40,100%,25
Wartortle,24,Bite,Normal,60,100%,25
Wartortle,31,Withdraw,Water,—,—%,40
Wartortle,39,Skull Bash,Normal,100,100%,15
Wartortle,47,Hydro Pump,Water,120,80%,5
Blastoise,1,Tackle,Normal,35,95%,35
Blastoise,1,Tail Whip,Normal,—,100%,30
Blastoise,1,Bubble,Water,20,100%,30
Blastoise,1,Water Gun,Water,40,100%,25
Blastoise,8,Bubble,Water,20,100%,30
Blastoise,15,Water Gun,Water,40,100%,25
Blastoise,24,Bite,Normal,60,100%,25
Blastoise,31,Withdraw,Water,—,—%,40
Blastoise,42,Skull Bash,Normal,100,100%,15
Blastoise,52,Hydro Pump,Water,120,80%,5
Caterpie,1,Tackle,Normal,35,95%,35
Caterpie,1,String Shot,Bug,—,95%,40
Metapod,1,Harden,Normal,—,—%,30
Butterfree,1,Confusion,Psychic,50,100%,25
Butterfree,12,Confusion,Psychic,50,100%,25
Butterfree,15,Poison Powder,Poison,—,75%,35
Butterfree,16,Stun Spore,Grass,—,75%,30
Butterfree,17,Sleep Powder,Grass,—,75%,15
Butterfree,21,Supersonic,Normal,—,55%,20
Butterfree,26,Whirlwind,Normal,—,85%,20
Butterfree,32,Psybeam,Psychic,65,100%,20
Weedle,1,Poison Sting,Poison,15,100%,35
Weedle,1,String Shot,Bug,—,95%,40
Kakuna,1,Harden,Normal,—,—%,30
Beedrill,1,Fury Attack,Normal,15,85%,20
Beedrill,12,Fury Attack,Normal,15,85%,20
Beedrill,16,Focus Energy,Normal,—,—%,30
Beedrill,20,Twineedle,Bug,25,100%,20
Beedrill,25,Rage,Normal,20,100%,20
Beedrill,30,Pin Missile,Bug,14,85%,20
Beedrill,35,Agility,Psychic,—,—%,30
Pidgey,1,Gust,Normal,40,100%,35
Pidgey,5,Sand Attack,Normal,—,100%,15
Pidgey,12,Quick Attack,Normal,40,100%,30
Pidgey,19,Whirlwind,Normal,—,85%,20
Pidgey,28,Wing Attack,Flying,35,100%,35
Pidgey,36,Agility,Psychic,—,—%,30
Pidgey,44,Mirror Move,Flying,—,—%,20
Pidgeotto,1,Gust,Normal,40,100%,35
Pidgeotto,1,Sand Attack,Normal,—,100%,15
Pidgeotto,5,Sand Attack,Normal,—,100%,15
Pidgeotto,12,Quick Attack,Normal,40,100%,30
Pidgeotto,21,Whirlwind,Normal,—,85%,20
Pidgeotto,31,Wing Attack,Flying,35,100%,35
Pidgeotto,40,Agility,Psychic,—,—%,30
Pidgeotto,49,Mirror Move,Flying,—,—%,20
Pidgeot,1,Gust,Normal,40,100%,35
Pidgeot,1,Sand Attack,Normal,—,100%,15
Pidgeot,1,Quick Attack,Normal,40,100%,30
Pidgeot,5,Sand Attack,Normal,—,100%,15
Pidgeot,12,Quick Attack,Normal,40,100%,30
Pidgeot,21,Whirlwind,Normal,—,85%,20
Pidgeot,31,Wing Attack,Flying,35,100%,35
Pidgeot,44,Agility,Psychic,—,—%,30
Pidgeot,54,Mirror Move,Flying,—,—%,20
Rattata,1,Tackle,Normal,35,95%,35
Rattata,1,Tail Whip,Normal,—,100%,30
Rattata,7,Quick Attack,Normal,40,100%,30
Rattata,14,Hyper Fang,Normal,80,90%,15
Rattata,23,Focus Energy,Normal,—,—%,30
Rattata,34,Super Fang,Normal,—,90%,10
Raticate,1,Tackle,Normal,35,95%,35
Raticate,1,Tail Whip,Normal,—,100%,30
Raticate,1,Quick Attack,Normal,40,100%,30
Raticate,7,Quick Attack,Normal,40,100%,30
Raticate,14,Hyper Fang,Normal,80,90%,15
Raticate,27,Focus Energy,Normal,—,—%,30
Raticate,41,Super Fang,Normal,—,90%,10
Spearow,1,Peck,Flying,35,100%,35
Spearow,1,Growl,Normal,—,100%,40
Spearow,9,Leer,Normal,—,100%,30
Spearow,15,Fury Attack,Normal,15,85%,20
Spearow,22,Mirror Move,Flying,—,—%,20
Spearow,29,Drill Peck,Flying,80,100%,20
Spearow,36,Agility,Psychic,—,—%,30
Fearow,1,Peck,Flying,35,100%,35
Fearow,1,Growl,Normal,—,100%,40
Fearow,1,Leer,Normal,—,100%,30
Fearow,9,Leer,Normal,—,100%,30
Fearow,15,Fury Attack,Normal,15,85%,20
Fearow,25,Mirror Move,Flying,—,—%,20
Fearow,34,Drill Peck,Flying,80,100%,20
Fearow,43,Agility,Psychic,—,—%,30
Ekans,1,Wrap,Normal,15,85%,20
Ekans,1,Leer,Normal,—,100%,30
Ekans,10,Poison Sting,Poison,15,100%,35
Ekans,17,Bite,Normal,60,100%,25
Ekans,24,Glare,Normal,—,75%,30
Ekans,31,Screech,Normal,—,85%,40
Ekans,38,Acid,Poison,40,100%,30
Arbok,1,Wrap,Normal,15,85%,20
Arbok,1,Leer,Normal,—,100%,30
Arbok,1,Poison Sting,Poison,15,100%,35
Arbok,10,Poison Sting,Poison,15,100%,35
Arbok,17,Bite,Normal,60,100%,25
Arbok,27,Glare,Normal,—,75%,30
Arbok,36,Screech,Normal,—,85%,40
Arbok,47,Acid,Poison,40,100%,30
Pikachu,1,Thunder Shock,Electric,40,100%,30
Pikachu,1,Growl,Normal,—,100%,40
Pikachu,9,Thunder Wave,Electric,—,100%,20
Pikachu,16,Quick Attack,Normal,40,100%,30
Pikachu,33,Agility,Psychic,—,—%,30
Pikachu,43,Thunder,Electric,120,70%,10
Pikachu,26,Swift,Normal,60,—%,20
Raichu,1,Thunder Shock,Electric,40,100%,30
Raichu,1,Growl,Normal,—,100%,40
Raichu,1,Thunder Wave,Electric,—,100%,20
Sandshrew,1,Scratch,Normal,40,100%,35
Sandshrew,10,Sand Attack,Normal,—,100%,15
Sandshrew,17,Slash,Normal,70,100%,20
Sandshrew,24,Poison Sting,Poison,15,100%,35
Sandshrew,31,Swift,Normal,60,—%,20
Sandshrew,38,Fury Swipes,Normal,18,80%,15
Sandslash,1,Scratch,Normal,40,100%,35
Sandslash,1,Sand Attack,Normal,—,100%,15
Sandslash,10,Sand Attack,Normal,—,100%,15
Sandslash,17,Slash,Normal,70,100%,20
Sandslash,27,Poison Sting,Poison,15,100%,35
Sandslash,36,Swift,Normal,60,—%,20
Sandslash,47,Fury Swipes,Normal,18,80%,15
Nidoran-F,1,Growl,Normal,—,100%,40
Nidoran-F,1,Tackle,Normal,35,95%,35
Nidoran-F,8,Scratch,Normal,40,100%,35
Nidoran-F,43,Double Kick,Fighting,30,100%,30
Nidoran-F,14,Poison Sting,Poison,15,100%,35
Nidoran-F,21,Tail Whip,Normal,—,100%,30
Nidoran-F,29,Bite,Normal,60,100%,25
Nidoran-F,36,Fury Swipes,Normal,18,80%,15
Nidorina,1,Growl,Normal,—,100%,40
Nidorina,1,Tackle,Normal,35,95%,35
Nidorina,1,Scratch,Normal,40,100%,35
Nidorina,8,Scratch,Normal,40,100%,35
Nidorina,50,Double Kick,Fighting,30,100%,30
Nidorina,14,Poison Sting,Poison,15,100%,35
Nidorina,23,Tail Whip,Normal,—,100%,30
Nidorina,32,Bite,Normal,60,100%,25
Nidorina,41,Fury Swipes,Normal,18,80%,15
Nidoqueen,1,Tackle,Normal,35,95%,35
Nidoqueen,1,Scratch,Normal,40,100%,35
Nidoqueen,1,Tail Whip,Normal,—,100%,30
Nidoqueen,1,Body Slam,Normal,85,100%,15
Nidoqueen,8,Scratch,Normal,40,100%,35
Nidoqueen,23,Body Slam,Normal,85,100%,15
Nidoqueen,14,Poison Sting,Poison,15,100%,35
Nidoran-M,1,Leer,Normal,—,100%,30
Nidoran-M,1,Tackle,Normal,35,95%,35
Nidoran-M,8,Horn Attack,Normal,65,100%,25
Nidoran-M,43,Double Kick,Fighting,30,100%,30
Nidoran-M,14,Poison Sting,Poison,15,100%,35
Nidoran-M,21,Focus Energy,Normal,—,—%,30
Nidoran-M,29,Fury Attack,Normal,15,85%,20
Nidoran-M,36,Horn Drill,Normal,—,30%,5
Nidorino,1,Leer,Normal,—,100%,30
Nidorino,1,Tackle,Normal,35,95%,35
Nidorino,1,Horn Attack,Normal,65,100%,25
Nidorino,8,Horn Attack,Normal,65,100%,25
Nidorino,50,Double Kick,Fighting,30,100%,30
Nidorino,14,Poison Sting,Poison,15,100%,35
Nidorino,23,Focus Energy,Normal,—,—%,30
Nidorino,32,Fury Attack,Normal,15,85%,20
Nidorino,41,Horn Drill,Normal,—,30%,5
Nidoking,1,Tackle,Normal,35,95%,35
Nidoking,1,Horn Attack,Normal,65,100%,25
Nidoking,1,Poison Sting,Poison,15,100%,35
Nidoking,1,Thrash,Normal,90,100%,20
Nidoking,8,Horn Attack,Normal,65,100%,25
Nidoking,14,Poison Sting,Poison,15,100%,35
Nidoking,23,Thrash,Normal,90,100%,20
Clefairy,1,Pound,Normal,40,100%,35
Clefairy,1,Growl,Normal,—,100%,40
Clefairy,13,Sing,Normal,—,55%,15
Clefairy,18,Double Slap,Normal,15,85%,10
Clefairy,24,Minimize,Normal,—,—%,20
Clefairy,31,Metronome,Normal,—,—%,10
Clefairy,39,Defense Curl,Normal,—,—%,40
Clefairy,48,Light Screen,Psychic,—,—%,30
Clefable,1,Sing,Normal,—,55%,15
Clefable,1,Double Slap,Normal,15,85%,10
Clefable,1,Minimize,Normal,—,—%,20
Clefable,1,Metronome,Normal,—,—%,10
Vulpix,1,Ember,Fire,40,100%,25
Vulpix,1,Tail Whip,Normal,—,100%,30
Vulpix,16,Quick Attack,Normal,40,100%,30
Vulpix,21,Roar,Normal,—,100%,20
Vulpix,28,Confuse Ray,Ghost,—,100%,10
Vulpix,35,Flamethrower,Fire,95,100%,15
Vulpix,42,Fire Spin,Fire,15,70%,15
Ninetales,1,Ember,Fire,40,100%,25
Ninetales,1,Tail Whip,Normal,—,100%,30
Ninetales,1,Quick Attack,Normal,40,100%,30
Ninetales,1,Roar,Normal,—,100%,20
Jigglypuff,1,Sing,Normal,—,55%,15
Jigglypuff,9,Pound,Normal,40,100%,35
Jigglypuff,14,Disable,Normal,—,55%,20
Jigglypuff,19,Defense Curl,Normal,—,—%,40
Jigglypuff,24,Double Slap,Normal,15,85%,10
Jigglypuff,29,Rest,Psychic,—,—%,10
Jigglypuff,34,Body Slam,Normal,85,100%,15
Jigglypuff,39,Double-Edge,Normal,100,100%,15
Wigglytuff,1,Sing,Normal,—,55%,15
Wigglytuff,1,Disable,Normal,—,55%,20
Wigglytuff,1,Defense Curl,Normal,—,—%,40
Wigglytuff,1,Double Slap,Normal,15,85%,10
Zubat,1,Leech Life,Bug,20,100%,15
Zubat,10,Supersonic,Normal,—,55%,20
Zubat,15,Bite,Normal,60,100%,25
Zubat,21,Confuse Ray,Ghost,—,100%,10
Zubat,28,Wing Attack,Flying,35,100%,35
Zubat,36,Haze,Ice,—,—%,30
Golbat,1,Leech Life,Bug,20,100%,15
Golbat,1,Screech,Normal,—,85%,40
Golbat,1,Bite,Normal,60,100%,25
Golbat,10,Supersonic,Normal,—,55%,20
Golbat,15,Bite,Normal,60,100%,25
Golbat,21,Confuse Ray,Ghost,—,100%,10
Golbat,32,Wing Attack,Flying,35,100%,35
Golbat,43,Haze,Ice,—,—%,30
Oddish,1,Absorb,Grass,20,100%,20
Oddish,15,Poison Powder,Poison,—,75%,35
Oddish,17,Stun Spore,Grass,—,75%,30
Oddish,19,Sleep Powder,Grass,—,75%,15
Oddish,24,Acid,Poison,40,100%,30
Oddish,33,Petal Dance,Grass,70,100%,20
Oddish,46,Solar Beam,Grass,120,100%,10
Gloom,1,Absorb,Grass,20,100%,20
Gloom,1,Poison Powder,Poison,—,75%,35
Gloom,1,Stun Spore,Grass,—,75%,30
Gloom,15,Poison Powder,Poison,—,75%,35
Gloom,17,Stun Spore,Grass,—,75%,30
Gloom,19,Sleep Powder,Grass,—,75%,15
Gloom,28,Acid,Poison,40,100%,30
Gloom,38,Petal Dance,Grass,70,100%,20
Gloom,52,Solar Beam,Grass,120,100%,10
Vileplume,1,Stun Spore,Grass,—,75%,30
Vileplume,1,Sleep Powder,Grass,—,75%,15
Vileplume,1,Acid,Poison,40,100%,30
Vileplume,1,Petal Dance,Grass,70,100%,20
Vileplume,15,Poison Powder,Poison,—,75%,35
Vileplume,17,Stun Spore,Grass,—,75%,30
Vileplume,19,Sleep Powder,Grass,—,75%,15
Paras,1,Scratch,Normal,40,100%,35
Paras,13,Stun Spore,Grass,—,75%,30
Paras,20,Leech Life,Bug,20,100%,15
Paras,27,Spore,Grass,—,100%,15
Paras,34,Slash,Normal,70,100%,20
Paras,41,Growth,Normal,—,—%,40
Parasect,1,Scratch,Normal,40,100%,35
Parasect,1,Stun Spore,Grass,—,75%,30
Parasect,1,Leech Life,Bug,20,100%,15
Parasect,13,Stun Spore,Grass,—,75%,30
Parasect,20,Leech Life,Bug,20,100%,15
Parasect,30,Spore,Grass,—,100%,15
Parasect,39,Slash,Normal,70,100%,20
Parasect,48,Growth,Normal,—,—%,40
Venonat,1,Tackle,Normal,35,95%,35
Venonat,1,Disable,Normal,—,55%,20
Venonat,24,Poison Powder,Poison,—,75%,35
Venonat,27,Leech Life,Bug,20,100%,15
Venonat,30,Stun Spore,Grass,—,75%,30
Venonat,35,Psybeam,Psychic,65,100%,20
Venonat,38,Sleep Powder,Grass,—,75%,15
Venonat,43,Psychic,Psychic,90,100%,10
Venomoth,1,Tackle,Normal,35,95%,35
Venomoth,1,Disable,Normal,—,55%,20
Venomoth,24,Poison Powder,Poison,—,75%,35
Venomoth,27,Leech Life,Bug,20,100%,15
Venomoth,30,Stun Spore,Grass,—,75%,30
Venomoth,38,Psybeam,Psychic,65,100%,20
Venomoth,43,Sleep Powder,Grass,—,75%,15
Venomoth,50,Psychic,Psychic,90,100%,10
Venomoth,1,Poison Powder,Poison,—,75%,35
Venomoth,1,Leech Life,Bug,20,100%,15
Diglett,1,Scratch,Normal,40,100%,35
Diglett,15,Growl,Normal,—,100%,40
Diglett,19,Dig,Ground,100,100%,10
Diglett,24,Sand Attack,Normal,—,100%,15
Diglett,31,Slash,Normal,70,100%,20
Diglett,40,Earthquake,Ground,100,100%,10
Dugtrio,1,Scratch,Normal,40,100%,35
Dugtrio,1,Growl,Normal,—,100%,40
Dugtrio,1,Dig,Ground,100,100%,10
Dugtrio,15,Growl,Normal,—,100%,40
Dugtrio,19,Dig,Ground,100,100%,10
Dugtrio,24,Sand Attack,Normal,—,100%,15
Dugtrio,35,Slash,Normal,70,100%,20
Dugtrio,47,Earthquake,Ground,100,100%,10
Meowth,1,Scratch,Normal,40,100%,35
Meowth,1,Growl,Normal,—,100%,40
Meowth,12,Bite,Normal,60,100%,25
Meowth,17,Pay Day,Normal,40,100%,20
Meowth,24,Screech,Normal,—,85%,40
Meowth,33,Fury Swipes,Normal,18,80%,15
Meowth,44,Slash,Normal,70,100%,20
Persian,1,Scratch,Normal,40,100%,35
Persian,1,Growl,Normal,—,100%,40
Persian,1,Bite,Normal,60,100%,25
Persian,1,Screech,Normal,—,85%,40
Persian,12,Bite,Normal,60,100%,25
Persian,17,Pay Day,Normal,40,100%,20
Persian,24,Screech,Normal,—,85%,40
Persian,37,Fury Swipes,Normal,18,80%,15
Persian,51,Slash,Normal,70,100%,20
Psyduck,1,Scratch,Normal,40,100%,35
Psyduck,28,Tail Whip,Normal,—,100%,30
Psyduck,31,Disable,Normal,—,55%,20
Psyduck,36,Confusion,Psychic,50,100%,25
Psyduck,43,Fury Swipes,Normal,18,80%,15
Psyduck,52,Hydro Pump,Water,120,80%,5
Golduck,1,Scratch,Normal,40,100%,35
Golduck,1,Tail Whip,Normal,—,100%,30
Golduck,1,Disable,Normal,—,55%,20
Golduck,28,Tail Whip,Normal,—,100%,30
Golduck,31,Disable,Normal,—,55%,20
Golduck,39,Confusion,Psychic,50,100%,25
Golduck,48,Fury Swipes,Normal,18,80%,15
Golduck,59,Hydro Pump,Water,120,80%,5
Mankey,1,Scratch,Normal,40,100%,35
Mankey,1,Leer,Normal,—,100%,30
Mankey,15,Karate Chop,Normal,50,100%,25
Mankey,21,Fury Swipes,Normal,18,80%,15
Mankey,27,Focus Energy,Normal,—,—%,30
Mankey,33,Seismic Toss,Fighting,—,100%,20
Mankey,39,Thrash,Normal,90,100%,20
Primeape,1,Scratch,Normal,40,100%,35
Primeape,1,Leer,Normal,—,100%,30
Primeape,1,Karate Chop,Normal,50,100%,25
Primeape,15,Karate Chop,Normal,50,100%,25
Primeape,21,Fury Swipes,Normal,18,80%,15
Primeape,27,Focus Energy,Normal,—,—%,30
Primeape,37,Seismic Toss,Fighting,—,100%,20
Primeape,46,Thrash,Normal,90,100%,20
Primeape,1,Fury Swipes,Normal,18,80%,15
Growlithe,1,Bite,Normal,60,100%,25
Growlithe,1,Roar,Normal,—,100%,20
Growlithe,18,Ember,Fire,40,100%,25
Growlithe,23,Leer,Normal,—,100%,30
Growlithe,30,Take Down,Normal,90,85%,20
Growlithe,39,Agility,Psychic,—,—%,30
Growlithe,50,Flamethrower,Fire,95,100%,15
Arcanine,1,Roar,Normal,—,100%,20
Arcanine,1,Ember,Fire,40,100%,25
Arcanine,1,Leer,Normal,—,100%,30
Arcanine,1,Take Down,Normal,90,85%,20
Poliwag,1,Bubble,Water,20,100%,30
Poliwag,16,Hypnosis,Psychic,—,60%,20
Poliwag,19,Water Gun,Water,40,100%,25
Poliwag,25,Double Slap,Normal,15,85%,10
Poliwag,31,Body Slam,Normal,85,100%,15
Poliwag,38,Amnesia,Psychic,—,—%,20
Poliwag,45,Hydro Pump,Water,120,80%,5
Poliwhirl,1,Bubble,Water,20,100%,30
Poliwhirl,1,Hypnosis,Psychic,—,60%,20
Poliwhirl,1,Water Gun,Water,40,100%,25
Poliwhirl,16,Hypnosis,Psychic,—,60%,20
Poliwhirl,19,Water Gun,Water,40,100%,25
Poliwhirl,26,Double Slap,Normal,15,85%,10
Poliwhirl,33,Body Slam,Normal,85,100%,15
Poliwhirl,41,Amnesia,Psychic,—,—%,20
Poliwhirl,49,Hydro Pump,Water,120,80%,5
Poliwrath,1,Hypnosis,Psychic,—,60%,20
Poliwrath,1,Water Gun,Water,40,100%,25
Poliwrath,1,Double Slap,Normal,15,85%,10
Poliwrath,1,Body Slam,Normal,85,100%,15
Poliwrath,16,Hypnosis,Psychic,—,60%,20
Poliwrath,19,Water Gun,Water,40,100%,25
Abra,1,Teleport,Psychic,—,—%,20
Kadabra,1,Teleport,Psychic,—,—%,20
Kadabra,16,Confusion,Psychic,50,100%,25
Kadabra,20,Disable,Normal,—,55%,20
Kadabra,27,Psybeam,Psychic,65,100%,20
Kadabra,31,Recover,Normal,—,—%,20
Kadabra,38,Psychic,Psychic,90,100%,10
Kadabra,42,Reflect,Psychic,—,—%,20
Kadabra,1,Confusion,Psychic,50,100%,25
Kadabra,1,Disable,Normal,—,55%,20
Alakazam,1,Teleport,Psychic,—,—%,20
Alakazam,16,Confusion,Psychic,50,100%,25
Alakazam,20,Disable,Normal,—,55%,20
Alakazam,27,Psybeam,Psychic,65,100%,20
Alakazam,31,Recover,Normal,—,—%,20
Alakazam,38,Psychic,Psychic,90,100%,10
Alakazam,42,Reflect,Psychic,—,—%,20
Machop,1,Karate Chop,Normal,50,100%,25
Machop,20,Low Kick,Fighting,50,90%,20
Machop,25,Leer,Normal,—,100%,30
Machop,32,Focus Energy,Normal,—,—%,30
Machop,39,Seismic Toss,Fighting,—,100%,20
Machop,46,Submission,Fighting,80,80%,25
Machoke,1,Karate Chop,Normal,50,100%,25
Machoke,1,Low Kick,Fighting,50,90%,20
Machoke,1,Leer,Normal,—,100%,30
Machoke,20,Low Kick,Fighting,50,90%,20
Machoke,25,Leer,Normal,—,100%,30
Machoke,36,Focus Energy,Normal,—,—%,30
Machoke,44,Seismic Toss,Fighting,—,100%,20
Machoke,52,Submission,Fighting,80,80%,25
Machamp,1,Karate Chop,Normal,50,100%,25
Machamp,1,Low Kick,Fighting,50,90%,20
Machamp,1,Leer,Normal,—,100%,30
Machamp,20,Low Kick,Fighting,50,90%,20
Machamp,25,Leer,Normal,—,100%,30
Machamp,36,Focus Energy,Normal,—,—%,30
Machamp,44,Seismic Toss,Fighting,—,100%,20
Machamp,52,Submission,Fighting,80,80%,25
Bellsprout,1,Vine Whip,Grass,35,100%,10
Bellsprout,1,Growth,Normal,—,—%,40
Bellsprout,13,Wrap,Normal,15,85%,20
Bellsprout,15,Poison Powder,Poison,—,75%,35
Bellsprout,18,Sleep Powder,Grass,—,75%,15
Bellsprout,21,Stun Spore,Grass,—,75%,30
Bellsprout,26,Acid,Poison,40,100%,30
Bellsprout,33,Razor Leaf,Grass,55,95%,25
Bellsprout,42,Slam,Normal,80,75%,20
Weepinbell,1,Vine Whip,Grass,35,100%,10
Weepinbell,1,Growth,Normal,—,—%,40
Weepinbell,1,Wrap,Normal,15,85%,20
Weepinbell,13,Wrap,Normal,15,85%,20
Weepinbell,15,Poison Powder,Poison,—,75%,35
Weepinbell,18,Sleep Powder,Grass,—,75%,15
Weepinbell,23,Stun Spore,Grass,—,75%,30
Weepinbell,29,Acid,Poison,40,100%,30
Weepinbell,38,Razor Leaf,Grass,55,95%,25
Weepinbell,49,Slam,Normal,80,75%,20
Victreebel,1,Sleep Powder,Grass,—,75%,15
Victreebel,1,Stun Spore,Grass,—,75%,30
Victreebel,1,Acid,Poison,40,100%,30
Victreebel,1,Razor Leaf,Grass,55,95%,25
Victreebel,13,Wrap,Normal,15,85%,20
Victreebel,15,Poison Powder,Poison,—,75%,35
Victreebel,18,Sleep Powder,Grass,—,75%,15
Tentacool,1,Acid,Poison,40,100%,30
Tentacool,7,Supersonic,Normal,—,55%,20
Tentacool,13,Wrap,Normal,15,85%,20
Tentacool,18,Poison Sting,Poison,15,100%,35
Tentacool,22,Water Gun,Water,40,100%,25
Tentacool,27,Constrict,Normal,10,100%,35
Tentacool,33,Barrier,Psychic,—,—%,30
Tentacool,40,Screech,Normal,—,85%,40
Tentacool,48,Hydro Pump,Water,120,80%,5
Tentacruel,1,Acid,Poison,40,100%,30
Tentacruel,1,Supersonic,Normal,—,55%,20
Tentacruel,1,Wrap,Normal,15,85%,20
Tentacruel,7,Supersonic,Normal,—,55%,20
Tentacruel,13,Wrap,Normal,15,85%,20
Tentacruel,18,Poison Sting,Poison,15,100%,35
Tentacruel,22,Water Gun,Water,40,100%,25
Tentacruel,27,Constrict,Normal,10,100%,35
Tentacruel,35,Barrier,Psychic,—,—%,30
Tentacruel,43,Screech,Normal,—,85%,40
Tentacruel,50,Hydro Pump,Water,120,80%,5
Geodude,1,Tackle,Normal,35,95%,35
Geodude,11,Defense Curl,Normal,—,—%,40
Geodude,16,Rock Throw,Rock,50,65%,15
Geodude,21,Self-Destruct,Normal,130,100%,5
Geodude,26,Harden,Normal,—,—%,30
Geodude,31,Earthquake,Ground,100,100%,10
Geodude,36,Explosion,Normal,170,100%,5
Graveler,1,Tackle,Normal,35,95%,35
Graveler,1,Defense Curl,Normal,—,—%,40
Graveler,11,Defense Curl,Normal,—,—%,40
Graveler,16,Rock Throw,Rock,50,65%,15
Graveler,21,Self-Destruct,Normal,130,100%,5
Graveler,29,Harden,Normal,—,—%,30
Graveler,36,Earthquake,Ground,100,100%,10
Graveler,43,Explosion,Normal,170,100%,5
Golem,1,Tackle,Normal,35,95%,35
Golem,1,Defense Curl,Normal,—,—%,40
Golem,11,Defense Curl,Normal,—,—%,40
Golem,16,Rock Throw,Rock,50,65%,15
Golem,21,Self-Destruct,Normal,130,100%,5
Golem,29,Harden,Normal,—,—%,30
Golem,36,Earthquake,Ground,100,100%,10
Golem,43,Explosion,Normal,170,100%,5
Ponyta,1,Ember,Fire,40,100%,25
Ponyta,30,Tail Whip,Normal,—,100%,30
Ponyta,32,Stomp,Normal,65,100%,20
Ponyta,35,Growl,Normal,—,100%,40
Ponyta,39,Fire Spin,Fire,15,70%,15
Ponyta,43,Take Down,Normal,90,85%,20
Ponyta,48,Agility,Psychic,—,—%,30
Rapidash,1,Ember,Fire,40,100%,25
Rapidash,1,Tail Whip,Normal,—,100%,30
Rapidash,1,Stomp,Normal,65,100%,20
Rapidash,1,Growl,Normal,—,100%,40
Rapidash,30,Tail Whip,Normal,—,100%,30
Rapidash,32,Stomp,Normal,65,100%,20
Rapidash,35,Growl,Normal,—,100%,40
Rapidash,39,Fire Spin,Fire,15,70%,15
Rapidash,47,Take Down,Normal,90,85%,20
Rapidash,55,Agility,Psychic,—,—%,30
Slowpoke,1,Confusion,Psychic,50,100%,25
Slowpoke,18,Disable,Normal,—,55%,20
Slowpoke,22,Headbutt,Normal,70,100%,15
Slowpoke,27,Growl,Normal,—,100%,40
Slowpoke,33,Water Gun,Water,40,100%,25
Slowpoke,40,Amnesia,Psychic,—,—%,20
Slowpoke,48,Psychic,Psychic,90,100%,10
Slowbro,1,Confusion,Psychic,50,100%,25
Slowbro,1,Disable,Normal,—,55%,20
Slowbro,1,Headbutt,Normal,70,100%,15
Slowbro,18,Disable,Normal,—,55%,20
Slowbro,22,Headbutt,Normal,70,100%,15
Slowbro,27,Growl,Normal,—,100%,40
Slowbro,33,Water Gun,Water,40,100%,25
Slowbro,37,Withdraw,Water,—,—%,40
Slowbro,44,Amnesia,Psychic,—,—%,20
Slowbro,55,Psychic,Psychic,90,100%,10
Magnemite,1,Tackle,Normal,35,95%,35
Magnemite,21,SonicBoom,Normal,—,90%,20
Magnemite,25,Thunder Shock,Electric,40,100%,30
Magnemite,29,Supersonic,Normal,—,55%,20
Magnemite,35,Thunder Wave,Electric,—,100%,20
Magnemite,41,Swift,Normal,60,—%,20
Magnemite,47,Screech,Normal,—,85%,40
Magneton,1,Tackle,Normal,35,95%,35
Magneton,1,SonicBoom,Normal,—,90%,20
Magneton,1,Thunder Shock,Electric,40,100%,30
Magneton,21,SonicBoom,Normal,—,90%,20
Magneton,25,Thunder Shock,Electric,40,100%,30
Magneton,29,Supersonic,Normal,—,55%,20
Magneton,38,Thunder Wave,Electric,—,100%,20
Magneton,46,Swift,Normal,60,—%,20
Magneton,54,Screech,Normal,—,85%,40
Farfetchd,1,Peck,Flying,35,100%,35
Farfetchd,1,Sand Attack,Normal,—,100%,15
Farfetchd,7,Leer,Normal,—,100%,30
Farfetchd,15,Fury Attack,Normal,15,85%,20
Farfetchd,23,Swords Dance,Normal,—,—%,30
Farfetchd,31,Agility,Psychic,—,—%,30
Farfetchd,39,Slash,Normal,70,100%,20
Doduo,1,Peck,Flying,35,100%,35
Doduo,20,Growl,Normal,—,100%,40
Doduo,24,Fury Attack,Normal,15,85%,20
Doduo,30,Drill Peck,Flying,80,100%,20
Doduo,36,Rage,Normal,20,100%,20
Doduo,40,Tri Attack,Normal,80,100%,10
Doduo,44,Agility,Psychic,—,—%,30
Dodrio,1,Peck,Flying,35,100%,35
Dodrio,1,Growl,Normal,—,100%,40
Dodrio,1,Fury Attack,Normal,15,85%,20
Dodrio,20,Growl,Normal,—,100%,40
Dodrio,24,Fury Attack,Normal,15,85%,20
Dodrio,30,Drill Peck,Flying,80,100%,20
Dodrio,39,Rage,Normal,20,100%,20
Dodrio,45,Tri Attack,Normal,80,100%,10
Dodrio,51,Agility,Psychic,—,—%,30
Seel,1,Headbutt,Normal,70,100%,15
Seel,30,Growl,Normal,—,100%,40
Seel,35,Aurora Beam,Ice,65,100%,20
Seel,40,Rest,Psychic,—,—%,10
Seel,45,Take Down,Normal,90,85%,20
Seel,50,Ice Beam,Ice,95,100%,10
Dewgong,1,Headbutt,Normal,70,100%,15
Dewgong,1,Growl,Normal,—,100%,40
Dewgong,1,Aurora Beam,Ice,65,100%,20
Dewgong,30,Growl,Normal,—,100%,40
Dewgong,35,Aurora Beam,Ice,65,100%,20
Dewgong,44,Rest,Psychic,—,—%,10
Dewgong,50,Take Down,Normal,90,85%,20
Dewgong,56,Ice Beam,Ice,95,100%,10
Grimer,1,Pound,Normal,40,100%,35
Grimer,1,Disable,Normal,—,55%,20
Grimer,30,Poison Gas,Poison,—,55%,40
Grimer,33,Minimize,Normal,—,—%,20
Grimer,37,Sludge,Poison,65,100%,20
Grimer,42,Harden,Normal,—,—%,30
Grimer,48,Screech,Normal,—,85%,40
Grimer,55,Acid Armor,Poison,—,—%,40
Muk,1,Pound,Normal,40,100%,35
Muk,1,Disable,Normal,—,55%,20
Muk,1,Poison Gas,Poison,—,55%,40
Muk,30,Poison Gas,Poison,—,55%,40
Muk,33,Minimize,Normal,—,—%,20
Muk,37,Sludge,Poison,65,100%,20
Muk,45,Harden,Normal,—,—%,30
Muk,53,Screech,Normal,—,85%,40
Muk,60,Acid Armor,Poison,—,—%,40
Shellder,1,Tackle,Normal,35,95%,35
Shellder,1,Withdraw,Water,—,—%,40
Shellder,18,Supersonic,Normal,—,55%,20
Shellder,23,Clamp,Water,35,75%,10
Shellder,30,Aurora Beam,Ice,65,100%,20
Shellder,39,Leer,Normal,—,100%,30
Shellder,50,Ice Beam,Ice,95,100%,10
Cloyster,1,Withdraw,Water,—,—%,40
Cloyster,1,Supersonic,Normal,—,55%,20
Cloyster,1,Clamp,Water,35,75%,10
Cloyster,1,Aurora Beam,Ice,65,100%,20
Cloyster,50,Spike Cannon,Normal,20,100%,15
Gastly,1,Lick,Ghost,20,100%,30
Gastly,1,Confuse Ray,Ghost,—,100%,10
Gastly,1,Night Shade,Ghost,—,100%,15
Gastly,27,Hypnosis,Psychic,—,60%,20
Gastly,35,Dream Eater,Psychic,100,100%,15
Haunter,1,Lick,Ghost,20,100%,30
Haunter,1,Confuse Ray,Ghost,—,100%,10
Haunter,1,Night Shade,Ghost,—,100%,15
Haunter,29,Hypnosis,Psychic,—,60%,20
Haunter,38,Dream Eater,Psychic,100,100%,15
Gengar,1,Lick,Ghost,20,100%,30
Gengar,1,Confuse Ray,Ghost,—,100%,10
Gengar,1,Night Shade,Ghost,—,100%,15
Gengar,29,Hypnosis,Psychic,—,60%,20
Gengar,38,Dream Eater,Psychic,100,100%,15
Onix,1,Tackle,Normal,35,95%,35
Onix,1,Screech,Normal,—,85%,40
Onix,15,Bind,Normal,15,75%,20
Onix,19,Rock Throw,Rock,50,65%,15
Onix,25,Rage,Normal,20,100%,20
Onix,33,Slam,Normal,80,75%,20
Onix,43,Harden,Normal,—,—%,30
Drowzee,1,Pound,Normal,40,100%,35
Drowzee,1,Hypnosis,Psychic,—,60%,20
Drowzee,12,Disable,Normal,—,55%,20
Drowzee,17,Confusion,Psychic,50,100%,25
Drowzee,24,Headbutt,Normal,70,100%,15
Drowzee,29,Poison Gas,Poison,—,55%,40
Drowzee,32,Psychic,Psychic,90,100%,10
Drowzee,37,Meditate,Psychic,—,—%,40
Hypno,1,Pound,Normal,40,100%,35
Hypno,1,Hypnosis,Psychic,—,60%,20
Hypno,1,Disable,Normal,—,55%,20
Hypno,1,Confusion,Psychic,50,100%,25
Hypno,12,Disable,Normal,—,55%,20
Hypno,17,Confusion,Psychic,50,100%,25
Hypno,24,Headbutt,Normal,70,100%,15
Hypno,33,Poison Gas,Poison,—,55%,40
Hypno,37,Psychic,Psychic,90,100%,10
Hypno,43,Meditate,Psychic,—,—%,40
Krabby,1,Bubble,Water,20,100%,30
Krabby,1,Leer,Normal,—,100%,30
Krabby,20,Vice Grip,Normal,55,100%,30
Krabby,25,Guillotine,Normal,—,30%,5
Krabby,30,Stomp,Normal,65,100%,20
Krabby,35,Crabhammer,Water,90,85%,10
Krabby,40,Harden,Normal,—,—%,30
Kingler,1,Bubble,Water,20,100%,30
Kingler,1,Leer,Normal,—,100%,30
Kingler,1,ViceGrip,Normal,55,100%,30
Kingler,20,ViceGrip,Normal,55,100%,30
Kingler,25,Guillotine,Normal,—,30%,5
Kingler,34,Stomp,Normal,65,100%,20
Kingler,42,Crabhammer,Water,90,85%,10
Kingler,49,Harden,Normal,—,—%,30
Voltorb,1,Tackle,Normal,35,95%,35
Voltorb,1,Screech,Normal,—,85%,40
Voltorb,17,SonicBoom,Normal,—,90%,20
Voltorb,22,Self Destruct,Normal,130,100%,5
Voltorb,29,Light Screen,Psychic,—,—%,30
Voltorb,36,Swift,Normal,60,—%,20
Voltorb,43,Explosion,Normal,170,100%,5
Electrode,1,Tackle,Normal,35,95%,35
Electrode,1,Screech,Normal,—,85%,40
Electrode,1,SonicBoom,Normal,—,90%,20
Electrode,17,SonicBoom,Normal,—,90%,20
Electrode,22,Self Destruct,Normal,130,100%,5
Electrode,29,Light Screen,Psychic,—,—%,30
Electrode,40,Swift,Normal,60,—%,20
Electrode,50,Explosion,Normal,170,100%,5
Exeggcute,1,Barrage,Normal,15,85%,20
Exeggcute,1,Hypnosis,Psychic,—,60%,20
Exeggcute,25,Reflect,Psychic,—,—%,20
Exeggcute,28,Leech Seed,Grass,—,90%,10
Exeggcute,32,Stun Spore,Grass,—,75%,30
Exeggcute,37,Poison Powder,Poison,—,75%,35
Exeggcute,42,Solar Beam,Grass,120,100%,10
Exeggcute,48,Sleep Powder,Grass,—,75%,15
Exeggutor,1,Barrage,Normal,15,85%,20
Exeggutor,1,Hypnosis,Psychic,—,60%,20
Exeggutor,28,Stomp,Normal,65,100%,20
Cubone,1,Growl,Normal,—,100%,40
Cubone,1,Bone Club,Ground,65,85%,20
Cubone,25,Leer,Normal,—,100%,30
Cubone,31,Focus Energy,Normal,—,—%,30
Cubone,38,Thrash,Normal,90,100%,20
Cubone,43,Bonemerang,Ground,50,90%,10
Cubone,46,Rage,Normal,20,100%,20
Marowak,1,Bone Club,Ground,65,85%,20
Marowak,25,Leer,Normal,—,100%,30
Marowak,33,Focus Energy,Normal,—,—%,30
Marowak,41,Thrash,Normal,90,100%,20
Marowak,48,Bonemerang,Ground,50,90%,10
Marowak,55,Rage,Normal,20,100%,20
Marowak,1,Growl,Normal,—,100%,40
Marowak,1,Leer,Normal,—,100%,30
Marowak,1,Focus Energy,Normal,—,—%,30
Hitmonlee,1,Double Kick,Fighting,30,100%,30
Hitmonlee,1,Meditate,Psychic,—,—%,40
Hitmonlee,33,Rolling Kick,Fighting,60,85%,15
Hitmonlee,38,Jump Kick,Fighting,70,95%,25
Hitmonlee,43,Focus Energy,Normal,—,—%,30
Hitmonlee,48,Hi Jump Kick,Fighting,85,90%,20
Hitmonlee,53,Mega Kick,Normal,120,75%,5
Hitmonchan,1,Comet Punch,Normal,18,85%,15
Hitmonchan,1,Agility,Psychic,—,—%,30
Hitmonchan,33,Fire Punch,Fire,75,100%,15
Hitmonchan,38,Ice Punch,Ice,75,100%,15
Hitmonchan,43,Thunder Punch,Electric,75,100%,15
Hitmonchan,48,Mega Punch,Normal,80,85%,20
Hitmonchan,53,Counter,Fighting,—,100%,20
Lickitung,1,Wrap,Normal,15,85%,20
Lickitung,1,Supersonic,Normal,—,55%,20
Lickitung,7,Stomp,Normal,65,100%,20
Lickitung,15,Disable,Normal,—,55%,20
Lickitung,23,Defense Curl,Normal,—,—%,40
Lickitung,31,Slam,Normal,80,75%,20
Lickitung,39,Screech,Normal,—,85%,40
Koffing,1,Tackle,Normal,35,95%,35
Koffing,1,Smog,Poison,20,70%,20
Koffing,32,Sludge,Poison,65,100%,20
Koffing,37,Smoke Screen,Normal,—,100%,20
Koffing,40,Self Destruct,Normal,130,100%,5
Koffing,45,Haze,Ice,—,—%,30
Koffing,48,Explosion,Normal,170,100%,5
Weezing,1,Tackle,Normal,35,95%,35
Weezing,1,Smog,Poison,20,70%,20
Weezing,1,Sludge,Poison,65,100%,20
Weezing,32,Sludge,Poison,65,100%,20
Weezing,39,Smoke Screen,Normal,—,100%,20
Weezing,43,Self Destruct,Normal,130,100%,5
Weezing,49,Haze,Ice,—,—%,30
Weezing,53,Explosion,Normal,170,100%,5
Rhyhorn,1,Horn Attack,Normal,65,100%,25
Rhyhorn,30,Stomp,Normal,65,100%,20
Rhyhorn,35,Tail Whip,Normal,—,100%,30
Rhyhorn,40,Fury Attack,Normal,15,85%,20
Rhyhorn,45,Horn Drill,Normal,—,30%,5
Rhyhorn,50,Leer,Normal,—,100%,30
Rhyhorn,55,Take Down,Normal,90,85%,20
Rhydon,1,Horn Attack,Normal,65,100%,25
Rhydon,1,Stomp,Normal,65,100%,20
Rhydon,1,Tail Whip,Normal,—,100%,30
Rhydon,1,Fury Attack,Normal,15,85%,20
Rhydon,30,Stomp,Normal,65,100%,20
Rhydon,35,Tail Whip,Normal,—,100%,30
Rhydon,40,Fury Attack,Normal,15,85%,20
Rhydon,48,Horn Drill,Normal,—,30%,5
Rhydon,55,Leer,Normal,—,100%,30
Rhydon,64,Take Down,Normal,90,85%,20
Chansey,1,Pound,Normal,40,100%,35
Chansey,1,Double Slap,Normal,15,85%,10
Chansey,24,Sing,Normal,—,55%,15
Chansey,30,Growl,Normal,—,100%,40
Chansey,38,Minimize,Normal,—,—%,20
Chansey,44,Defense Curl,Normal,—,—%,40
Chansey,48,Light Screen,Psychic,—,—%,30
Chansey,54,Double-Edge,Normal,100,100%,15
Tangela,1,Constrict,Normal,10,100%,35
Tangela,1,Bind,Normal,15,75%,20
Tangela,29,Absorb,Grass,20,100%,20
Tangela,32,Poison Powder,Poison,—,75%,35
Tangela,36,Stun Spore,Grass,—,75%,30
Tangela,39,Sleep Powder,Grass,—,75%,15
Tangela,45,Slam,Normal,80,75%,20
Tangela,49,Growth,Normal,—,—%,40
Kangaskhan,1,Comet Punch,Normal,18,85%,15
Kangaskhan,1,Rage,Normal,20,100%,20
Kangaskhan,26,Bite,Normal,60,100%,25
Kangaskhan,31,Tail Whip,Normal,—,100%,30
Kangaskhan,36,Mega Punch,Normal,80,85%,20
Kangaskhan,41,Leer,Normal,—,100%,30
Kangaskhan,46,Dizzy Punch,Normal,70,100%,10
Horsea,1,Bubble,Water,20,100%,30
Horsea,19,Smoke Screen,Normal,—,100%,20
Horsea,24,Leer,Normal,—,100%,30
Horsea,30,Water Gun,Water,40,100%,25
Horsea,37,Agility,Psychic,—,—%,30
Horsea,45,Hydro Pump,Water,120,80%,5
Seadra,1,Bubble,Water,20,100%,30
Seadra,1,Smoke Screen,Normal,—,100%,20
Seadra,19,Smoke Screen,Normal,—,100%,20
Seadra,24,Leer,Normal,—,100%,30
Seadra,30,Water Gun,Water,40,100%,25
Seadra,41,Agility,Psychic,—,—%,30
Seadra,52,Hydro Pump,Water,120,80%,5
Goldeen,1,Peck,Flying,35,100%,35
Goldeen,1,Tail Whip,Normal,—,100%,30
Goldeen,19,Supersonic,Normal,—,55%,20
Goldeen,24,Horn Attack,Normal,65,100%,25
Goldeen,30,Fury Attack,Normal,15,85%,20
Goldeen,37,Waterfall,Water,80,100%,15
Goldeen,45,Horn Drill,Normal,—,30%,5
Goldeen,54,Agility,Psychic,—,—%,30
Seaking,1,Peck,Flying,35,100%,35
Seaking,1,Tail Whip,Normal,—,100%,30
Seaking,1,Supersonic,Normal,—,55%,20
Seaking,19,Supersonic,Normal,—,55%,20
Seaking,24,Horn Attack,Normal,65,100%,25
Seaking,30,Fury Attack,Normal,15,85%,20
Seaking,39,Waterfall,Water,80,100%,15
Seaking,48,Horn Drill,Normal,—,30%,5
Seaking,54,Agility,Psychic,—,—%,30
Staryu,1,Tackle,Normal,35,95%,35
Staryu,17,Water Gun,Water,40,100%,25
Staryu,22,Harden,Normal,—,—%,30
Staryu,27,Recover,Normal,—,—%,20
Staryu,32,Swift,Normal,60,—%,20
Staryu,37,Minimize,Normal,—,—%,20
Staryu,42,Light Screen,Psychic,—,—%,30
Staryu,47,Hydro Pump,Water,120,80%,5
Starmie,1,Tackle,Normal,35,95%,35
Starmie,1,Water Gun,Water,40,100%,25
Starmie,1,Harden,Normal,—,—%,30
Mr-Mime,1,Confusion,Psychic,50,100%,25
Mr-Mime,1,Barrier,Psychic,—,—%,30
Mr-Mime,15,Confusion,Psychic,50,100%,25
Mr-Mime,23,Light Screen,Psychic,—,—%,30
Mr-Mime,31,Double Slap,Normal,15,85%,10
Mr-Mime,39,Meditate,Psychic,—,—%,40
Mr-Mime,47,Substitute,Normal,—,—%,10
Scyther,1,Quick Attack,Normal,40,100%,30
Scyther,17,Leer,Normal,—,100%,30
Scyther,20,Focus Energy,Normal,—,—%,30
Scyther,24,Double Team,Normal,—,—%,15
Scyther,29,Slash,Normal,70,100%,20
Scyther,35,Swords Dance,Normal,—,—%,30
Scyther,42,Agility,Psychic,—,—%,30
Jynx,1,Pound,Normal,40,100%,3500%
Jynx,1,Lovely Kiss,Normal,—,75%,10
Jynx,18,Lick,Ghost,20,100%,30
Jynx,23,Double Slap,Normal,15,85%,10
Jynx,31,Ice Punch,Ice,75,100%,15
Jynx,39,Body Slam,Normal,85,100%,15
Jynx,47,Thrash,Normal,90,100%,20
Jynx,58,Blizzard,Ice,120,90%,5
Electabuzz,1,Quick Attack,Normal,40,100%,30
Electabuzz,1,Leer,Normal,—,100%,30
Electabuzz,34,Thunder Shock,Electric,40,100%,30
Electabuzz,37,Screech,Normal,—,85%,40
Electabuzz,42,Thunder Punch,Electric,75,100%,15
Electabuzz,49,Light Screen,Psychic,—,—%,30
Electabuzz,54,Thunder,Electric,120,70%,10
Magmar,1,Ember,Fire,40,100%,25
Magmar,36,Leer,Normal,—,100%,30
Magmar,39,Confuse Ray,Ghost,—,100%,10
Magmar,43,Fire Punch,Fire,75,100%,15
Magmar,48,Smoke Screen,Normal,—,100%,20
Magmar,52,Smog,Poison,20,70%,20
Magmar,55,Flamethrower,Fire,95,100%,15
Pinsir,1,ViceGrip,Normal,55,100%,30
Pinsir,25,Seismic Toss,Fighting,—,100%,20
Pinsir,30,Guillotine,Normal,—,30%,5
Pinsir,36,Focus Energy,Normal,—,—%,30
Pinsir,43,Harden,Normal,—,—%,30
Pinsir,49,Slash,Normal,70,100%,20
Pinsir,54,Swords Dance,Normal,—,—%,30
Tauros,1,Tackle,Normal,35,95%,35
Tauros,21,Stomp,Normal,65,100%,20
Tauros,28,Tail Whip,Normal,—,100%,30
Tauros,35,Leer,Normal,—,100%,30
Tauros,44,Rage,Normal,20,100%,20
Tauros,51,Take Down,Normal,90,85%,20
Magikarp,1,Splash,Normal,—,—%,40
Magikarp,15,Tackle,Normal,35,95%,35
Gyarados,20,Bite,Normal,60,100%,25
Gyarados,25,Dragon Rage,Dragon,—,100%,10
Gyarados,32,Leer,Normal,—,100%,30
Gyarados,41,Hydro Pump,Water,120,80%,5
Gyarados,52,Hyper Beam,Normal,150,90%,5
Gyarados,1,Bite,Normal,60,100%,25
Gyarados,1,Dragon Rage,Dragon,—,100%,10
Gyarados,1,Leer,Normal,—,100%,30
Gyarados,1,Hydro Pump,Water,120,80%,5
Lapras,1,Water Gun,Water,40,100%,25
Lapras,1,Growl,Normal,—,100%,40
Lapras,16,Sing,Normal,—,55%,15
Lapras,20,Mist,Ice,—,—%,30
Lapras,25,Body Slam,Normal,85,100%,15
Lapras,31,Confuse Ray,Ghost,—,100%,10
Lapras,38,Ice Beam,Ice,95,100%,10
Lapras,46,Hydro Pump,Water,120,80%,5
Ditto,1,Transform,Normal,—,—%,10
Eevee,1,Tackle,Normal,35,95%,35
Eevee,31,Tail Whip,Normal,—,100%,30
Eevee,1,Sand Attack,Normal,—,100%,15
Eevee,27,Quick Attack,Normal,40,100%,30
Eevee,37,Bite,Normal,60,100%,25
Eevee,45,Take Down,Normal,90,85%,20
Vaporeon,1,Tackle,Normal,35,95%,35
Vaporeon,37,Tail Whip,Normal,—,100%,30
Vaporeon,1,Quick Attack,Normal,40,100%,30
Vaporeon,1,Water Gun,Water,40,100%,25
Vaporeon,1,Sand Attack,Normal,—,100%,15
Vaporeon,31,Water Gun,Water,40,100%,25
Vaporeon,27,Quick Attack,Normal,40,100%,30
Vaporeon,40,Bite,Normal,60,100%,25
Vaporeon,44,Haze,Ice,—,—%,30
Vaporeon,42,Acid Armor,Poison,—,—%,40
Vaporeon,54,Hydro Pump,Water,120,80%,5
Vaporeon,48,Mist,Ice,—,—%,30
Jolteon,1,Tackle,Normal,35,95%,35
Jolteon,37,Tail Whip,Normal,—,100%,30
Jolteon,1,Quick Attack,Normal,40,100%,30
Jolteon,1,Thunder Shock,Electric,40,100%,30
Jolteon,1,Sand Attack,Normal,—,100%,15
Jolteon,31,Thunder Shock,Electric,40,100%,30
Jolteon,27,Quick Attack,Normal,40,100%,30
Jolteon,42,Double Kick,Fighting,30,100%,30
Jolteon,48,Pin Missile,Bug,14,85%,20
Jolteon,40,Thunder Wave,Electric,—,100%,20
Jolteon,44,Agility,Psychic,—,—%,30
Jolteon,54,Thunder,Electric,120,70%,10
Flareon,1,Tackle,Normal,35,95%,35
Flareon,37,Tail Whip,Normal,—,100%,30
Flareon,1,Quick Attack,Normal,40,100%,30
Flareon,1,Ember,Fire,40,100%,25
Flareon,1,Sand Attack,Normal,—,100%,15
Flareon,31,Ember,Fire,40,100%,25
Flareon,27,Quick Attack,Normal,40,100%,30
Flareon,40,Bite,Normal,60,100%,25
Flareon,44,Fire Spin,Fire,15,70%,15
Flareon,42,Leer,Normal,—,100%,30
Flareon,48,Rage,Normal,20,100%,20
Flareon,54,Flamethrower,Fire,95,100%,15
Porygon,1,Tackle,Normal,35,95%,35
Porygon,1,Sharpen,Normal,—,—%,30
Porygon,1,Conversion,Normal,—,—%,30
Porygon,23,Psybeam,Psychic,65,100%,20
Porygon,28,Recover,Normal,—,—%,20
Porygon,35,Agility,Psychic,—,—%,30
Porygon,42,Tri Attack,Normal,80,100%,10
Omanyte,1,Water Gun,Water,40,100%,25
Omanyte,1,Withdraw,Water,—,—%,40
Omanyte,34,Horn Attack,Normal,65,100%,25
Omanyte,39,Leer,Normal,—,100%,30
Omanyte,46,Spike Cannon,Normal,20,100%,15
Omanyte,53,Hydro Pump,Water,120,80%,5
Omastar,1,Water Gun,Water,40,100%,25
Omastar,1,Withdraw,Water,—,—%,40
Omastar,1,Horn Attack,Normal,65,100%,25
Omastar,34,Horn Attack,Normal,65,100%,25
Omastar,39,Leer,Normal,—,100%,30
Omastar,44,Spike Cannon,Normal,20,100%,15
Omastar,49,Hydro Pump,Water,120,80%,5
Kabuto,1,Scratch,Normal,40,100%,35
Kabuto,1,Harden,Normal,—,—%,30
Kabuto,34,Absorb,Grass,20,100%,20
Kabuto,39,Slash,Normal,70,100%,20
Kabuto,44,Leer,Normal,—,100%,30
Kabuto,49,Hydro Pump,Water,120,80%,5
Kabutops,1,Scratch,Normal,40,100%,35
Kabutops,1,Harden,Normal,—,—%,30
Kabutops,1,Absorb,Grass,20,100%,20
Kabutops,34,Absorb,Grass,20,100%,20
Kabutops,39,Slash,Normal,70,100%,20
Kabutops,46,Leer,Normal,—,100%,30
Kabutops,53,Hydro Pump,Water,120,80%,5
Aerodactyl,1,Wing Attack,Flying,35,100%,35
Aerodactyl,1,Agility,Psychic,—,—%,30
Aerodactyl,33,Supersonic,Normal,—,55%,20
Aerodactyl,38,Bite,Normal,60,100%,25
Aerodactyl,45,Take Down,Normal,90,85%,20
Aerodactyl,54,Hyper Beam,Normal,150,90%,5
Snorlax,1,Headbutt,Normal,70,100%,15
Snorlax,1,Amnesia,Psychic,—,—%,20
Snorlax,1,Rest,Psychic,—,—%,10
Snorlax,35,Body Slam,Normal,85,100%,15
Snorlax,41,Harden,Normal,—,—%,30
Snorlax,48,Double-Edge,Normal,100,100%,15
Snorlax,56,Hyper Beam,Normal,150,90%,5
Articuno,1,Peck,Flying,35,100%,35
Articuno,1,Ice Beam,Ice,95,100%,10
Articuno,51,Blizzard,Ice,120,90%,5
Articuno,55,Agility,Psychic,—,—%,30
Articuno,60,Mist,Ice,—,—%,30
Zapdos,1,Thunder Shock,Electric,40,100%,30
Zapdos,1,Drill Peck,Flying,80,100%,20
Zapdos,51,Thunder,Electric,120,70%,10
Zapdos,55,Agility,Psychic,—,—%,30
Zapdos,60,Light Screen,Psychic,—,—%,30
Moltres,1,Peck,Flying,35,100%,35
Moltres,1,Fire Spin,Fire,15,70%,15
Moltres,51,Leer,Normal,—,100%,30
Moltres,55,Agility,Psychic,—,—%,30
Moltres,60,Sky Attack,Flying,140,90%,5
Dratini,1,Wrap,Normal,15,85%,20
Dratini,1,Leer,Normal,—,100%,30
Dratini,10,Thunder Wave,Electric,—,100%,20
Dratini,20,Agility,Psychic,—,—%,30
Dratini,30,Slam,Normal,80,75%,20
Dratini,40,Dragon Rage,Dragon,—,100%,10
Dratini,50,Hyper Beam,Normal,150,90%,5
Dragonair,1,Wrap,Normal,15,85%,20
Dragonair,1,Leer,Normal,—,100%,30
Dragonair,1,Thunder Wave,Electric,—,100%,20
Dragonair,10,Thunder Wave,Electric,—,100%,20
Dragonair,20,Agility,Psychic,—,—%,30
Dragonair,35,Slam,Normal,80,75%,20
Dragonair,45,Dragon Rage,Dragon,—,100%,10
Dragonair,55,Hyper Beam,Normal,150,90%,5
Dragonite,1,Wrap,Normal,15,85%,20
Dragonite,1,Leer,Normal,—,100%,30
Dragonite,1,Thunder Wave,Electric,—,100%,20
Dragonite,1,Agility,Psychic,—,—%,30
Dragonite,10,Thunder Wave,Electric,—,100%,20
Dragonite,20,Agility,Psychic,—,—%,30
Dragonite,35,Slam,Normal,80,75%,20
Dragonite,45,Dragon Rage,Dragon,—,100%,10
Dragonite,60,Hyper Beam,Normal,150,90%,5
Mewtwo,1,Confusion,Psychic,50,100%,25
Mewtwo,1,Disable,Normal,—,55%,20
Mewtwo,1,Swift,Normal,60,—%,20
Mewtwo,1,Psychic,Psychic,90,100%,10
Mewtwo,63,Barrier,Psychic,—,—%,30
Mewtwo,66,Psychic,Psychic,90,100%,10
Mewtwo,70,Recover,Normal,—,—%,20
Mewtwo,75,Mist,Ice,—,—%,30
Mewtwo,81,Amnesia,Psychic,—,—%,20
Mew,1,Pound,Normal,40,100%,35
Mew,10,Transform,Normal,—,—%,10
Mew,20,Mega Punch,Normal,80,85%,20
Mew,30,Metronome,Normal,—,—%,10
Mew,40,Psychic,Psychic,90,100%,10
